Case Study,Sampling Strategy,Robustness,Confidence Difference
7z,solverBased,0.0,0.0
7z,solverBased,0.001,-0.2019017394219888
7z,solverBased,0.002,-0.4097691514516922
7z,solverBased,0.003,-0.4056422658895719
7z,solverBased,0.004,-0.4600787381513464
7z,solverBased,0.005,-0.4908332470005116
7z,solverBased,0.006,-0.5031331331631784
7z,solverBased,0.007,-0.5053276950194682
7z,solverBased,0.008,-0.5119921677905597
7z,solverBased,0.009,-0.5156321637768457
7z,solverBased,0.01,-0.517619040801602
