Case Study,Sampling Strategy,Robustness,Confidence Difference
7z,SRSSampling,0.0,0.0
7z,SRSSampling,0.001,0.3980982605780111
7z,SRSSampling,0.002,0.2302308485483079
7z,SRSSampling,0.003,0.104357734110428
7z,SRSSampling,0.004,0.0599212618486535
7z,SRSSampling,0.005,0.0291667529994883
7z,SRSSampling,0.006,0.0168668668368215
7z,SRSSampling,0.007,0.0146723049805318
7z,SRSSampling,0.008,0.0080078322094403
7z,SRSSampling,0.009,0.0043678362231542
7z,SRSSampling,0.01,0.0023809591983979
