Case Study,Sampling Strategy,Robustness,Confidence Difference
7z,random,0.0,0.0
7z,random,0.001,0.0280982605780111
7z,random,0.002,-0.0497691514516921
7z,random,0.003,0.024357734110428
7z,random,0.004,0.0099212618486536
7z,random,0.005,0.0091667529994883
7z,random,0.006,0.0068668668368215
7z,random,0.007,-0.0053276950194681
7z,random,0.008,-0.0119921677905596
7z,random,0.009,-0.0056321637768457
7z,random,0.01,-0.007619040801602
