Case Study,Sampling Strategy,Robustness,Confidence Difference
LLVM,random,0.0,0.0
LLVM,random,0.001,0.0745671308589194
LLVM,random,0.002,0.022156108461633
LLVM,random,0.003,0.0526049842298326
LLVM,random,0.004,0.065760339374417
LLVM,random,0.005,0.0614768435208587
LLVM,random,0.006,0.0496168357646145
LLVM,random,0.007,0.0400499270375392
LLVM,random,0.008,0.0226526227210486
LLVM,random,0.009,0.0173079644939345
LLVM,random,0.01,0.0239051904523875
