Case Study,Sampling Strategy,Robustness,Confidence Difference
Polly,random,0.0,0.0
Polly,random,0.001,-0.0526099836136993
Polly,random,0.002,0.0502271798485857
Polly,random,0.003,0.0636101934431779
Polly,random,0.004,0.0098797683134542
Polly,random,0.005,-0.0134832437662393
Polly,random,0.006,-0.0253509418060001
Polly,random,0.007,0.0179913497008369
Polly,random,0.008,0.0020924169842312
Polly,random,0.009,0.0038010429760972
Polly,random,0.01,-0.0091128860185697
