Case Study,Sampling Strategy,Robustness,Confidence Difference
JavaGC,random,0.0,0.0
JavaGC,random,0.001,-0.0445192071684768
JavaGC,random,0.002,-0.0289575873174859
JavaGC,random,0.003,0.0243595114467678
JavaGC,random,0.004,0.0026264211141022
JavaGC,random,0.005,-0.0047149272823167
JavaGC,random,0.006,-0.0205414543308167
JavaGC,random,0.007,-0.0229150631053666
JavaGC,random,0.008,0.0031192765671211
JavaGC,random,0.009,0.0044060180169767
JavaGC,random,0.01,-0.001027648765954
