Case Study,Sampling Strategy,Robustness,Posterior Confidence,Prior Confidence
7z,random,0.0,0.0,0.0
7z,random,0.001,0.48,0.4519017394219888
7z,random,0.002,0.65,0.6997691514516922
7z,random,0.003,0.86,0.8356422658895719
7z,random,0.004,0.92,0.9100787381513464
7z,random,0.005,0.96,0.9508332470005116
7z,random,0.006,0.98,0.9731331331631784
7z,random,0.007,0.98,0.9853276950194682
7z,random,0.008,0.98,0.9919921677905597
7z,random,0.009,0.99,0.9956321637768456
7z,random,0.01,0.99,0.997619040801602
