Case Study,Sampling Strategy,Robustness,Confidence Difference
Dune,random,0.0,0.0
Dune,random,0.001,0.0963371298759676
Dune,random,0.002,0.0571160899971338
Dune,random,0.003,0.0296888411954137
Dune,random,0.004,-0.0156627389078665
Dune,random,0.005,-0.0464035977751386
Dune,random,0.006,-0.0482663949041909
Dune,random,0.007,-0.0056523222089316
Dune,random,0.008,-0.0019394524721872
Dune,random,0.009,0.000280112810451
Dune,random,0.01,-0.0009820965002911
