Case Study,Sampling Strategy,Robustness,Confidence Difference
Hipacc,random,0.0,0.0
Hipacc,random,0.001,-0.0401944068776873
Hipacc,random,0.002,-0.0154233129788521
Hipacc,random,0.003,-0.0008021093031643
Hipacc,random,0.004,0.0139532717648259
Hipacc,random,0.005,-0.0054561244601017
Hipacc,random,0.006,-0.0037754432424643
Hipacc,random,0.007,0.002661740606625
Hipacc,random,0.008,0.0011372378303791
Hipacc,random,0.009,0.0004854722223388
Hipacc,random,0.01,0.0002070638288379
